f1,f2,f3,f4,f5,dangerous,trial,sequence,sim_response,correct,performance,c,w,agent,subject
1,1,1,1,0,1,1,1,1,1,1,1,equal,equal_c1,1
1,1,1,1,1,1,2,2,0,0,0.5,1,equal,equal_c1,1
0,0,1,1,1,0,3,3,0,1,0.6666666666666666,1,equal,equal_c1,1
1,1,1,0,1,1,4,4,1,1,0.75,1,equal,equal_c1,1
1,0,1,0,1,1,5,5,1,1,0.8,1,equal,equal_c1,1
1,1,1,1,1,1,6,6,0,0,0.6666666666666666,1,equal,equal_c1,1
1,1,1,1,1,1,7,7,0,0,0.5714285714285714,1,equal,equal_c1,1
0,1,0,1,1,0,8,8,0,1,0.625,1,equal,equal_c1,1
1,0,0,1,1,0,9,9,0,1,0.6666666666666666,1,equal,equal_c1,1
1,0,1,0,1,1,10,10,0,0,0.6,1,equal,equal_c1,1
1,0,1,1,0,1,11,11,0,0,0.5454545454545454,1,equal,equal_c1,1
1,1,0,1,1,0,12,12,0,1,0.5833333333333334,1,equal,equal_c1,1
1,1,1,1,0,1,13,13,0,0,0.5384615384615384,1,equal,equal_c1,1
0,0,1,0,0,0,14,14,1,0,0.5,1,equal,equal_c1,1
1,1,0,1,1,0,15,15,1,0,0.4666666666666667,1,equal,equal_c1,1
0,1,1,1,0,0,16,16,1,0,0.4375,1,equal,equal_c1,1
0,0,1,0,1,0,17,17,0,1,0.47058823529411764,1,equal,equal_c1,1
0,0,1,1,1,0,18,18,0,1,0.5,1,equal,equal_c1,1
0,0,0,1,0,0,19,19,0,1,0.5263157894736842,1,equal,equal_c1,1
0,0,0,1,1,0,20,20,1,0,0.5,1,equal,equal_c1,1
1,1,1,0,0,1,21,21,1,1,0.5238095238095238,1,equal,equal_c1,1
0,1,1,0,0,0,22,22,0,1,0.5454545454545454,1,equal,equal_c1,1
1,0,1,1,1,1,23,23,1,1,0.5652173913043478,1,equal,equal_c1,1
1,1,0,1,0,0,24,24,0,1,0.5833333333333334,1,equal,equal_c1,1
1,0,1,1,0,1,25,25,1,1,0.6,1,equal,equal_c1,1
0,1,0,1,0,0,26,26,1,0,0.5769230769230769,1,equal,equal_c1,1
1,0,1,1,1,1,27,27,0,0,0.5555555555555556,1,equal,equal_c1,1
1,0,1,0,1,1,28,28,1,1,0.5714285714285714,1,equal,equal_c1,1
0,0,1,1,0,0,29,29,1,0,0.5517241379310345,1,equal,equal_c1,1
1,0,1,0,0,1,30,30,0,0,0.5333333333333333,1,equal,equal_c1,1
1,1,1,1,1,1,31,31,0,0,0.5161290322580645,1,equal,equal_c1,1
0,1,0,0,1,0,32,32,1,0,0.5,1,equal,equal_c1,1
0,0,0,1,1,0,33,33,1,0,0.48484848484848486,1,equal,equal_c1,1
0,1,0,0,1,0,34,34,0,1,0.5,1,equal,equal_c1,1
1,0,1,1,0,1,35,35,1,1,0.5142857142857142,1,equal,equal_c1,1
0,1,0,1,1,0,36,36,0,1,0.5277777777777778,1,equal,equal_c1,1
1,1,0,1,1,0,37,37,1,0,0.5135135135135135,1,equal,equal_c1,1
0,0,1,1,0,0,38,38,0,1,0.5263157894736842,1,equal,equal_c1,1
1,0,1,0,1,1,39,39,0,0,0.5128205128205128,1,equal,equal_c1,1
1,1,1,1,0,1,40,40,1,1,0.525,1,equal,equal_c1,1
1,1,1,0,0,1,41,41,1,1,0.5365853658536586,1,equal,equal_c1,1
0,0,1,1,1,0,42,42,1,0,0.5238095238095238,1,equal,equal_c1,1
1,0,0,1,1,0,43,43,0,1,0.5348837209302325,1,equal,equal_c1,1
1,1,0,1,1,0,44,44,0,1,0.5454545454545454,1,equal,equal_c1,1
0,0,1,0,1,0,45,45,1,0,0.5333333333333333,1,equal,equal_c1,1
1,1,1,1,0,1,46,46,0,0,0.5217391304347826,1,equal,equal_c1,1
0,1,1,1,0,0,47,47,1,0,0.5106382978723404,1,equal,equal_c1,1
1,0,1,1,0,1,48,48,0,0,0.5,1,equal,equal_c1,1
0,0,0,1,0,0,49,49,0,1,0.5102040816326531,1,equal,equal_c1,1
1,0,1,0,1,1,50,50,0,0,0.5,1,equal,equal_c1,1
1,1,1,1,1,1,51,51,0,0,0.49019607843137253,1,equal,equal_c1,1
1,1,1,1,1,1,52,52,1,1,0.5,1,equal,equal_c1,1
1,1,1,1,1,1,53,53,1,1,0.5094339622641509,1,equal,equal_c1,1
1,0,1,1,1,1,54,54,1,1,0.5185185185185185,1,equal,equal_c1,1
1,1,1,0,1,1,55,55,0,0,0.509090909090909,1,equal,equal_c1,1
0,0,1,0,0,0,56,56,0,1,0.5178571428571429,1,equal,equal_c1,1
1,1,1,1,1,1,57,57,1,1,0.5263157894736842,1,equal,equal_c1,1
1,0,1,0,1,1,58,58,1,1,0.5344827586206896,1,equal,equal_c1,1
1,0,1,1,1,1,59,59,1,1,0.5423728813559322,1,equal,equal_c1,1
1,1,0,1,0,0,60,60,0,1,0.55,1,equal,equal_c1,1
0,1,0,1,0,0,61,61,0,1,0.5573770491803278,1,equal,equal_c1,1
0,0,1,1,1,0,62,62,0,1,0.5645161290322581,1,equal,equal_c1,1
1,0,1,0,0,1,63,63,1,1,0.5714285714285714,1,equal,equal_c1,1
0,1,1,0,0,0,64,64,0,1,0.578125,1,equal,equal_c1,1
1,1,1,1,0,1,65,65,1,1,0.5846153846153846,1,equal,equal_c1,1
1,1,1,1,0,1,66,66,0,0,0.5757575757575758,1,equal,equal_c1,1
1,0,1,0,0,1,67,67,1,1,0.582089552238806,1,equal,equal_c1,1
1,0,1,0,1,1,68,68,0,0,0.5735294117647058,1,equal,equal_c1,1
1,1,1,1,1,1,69,69,1,1,0.5797101449275363,1,equal,equal_c1,1
1,0,1,0,1,1,70,70,0,0,0.5714285714285714,1,equal,equal_c1,1
0,0,1,1,1,0,71,71,1,0,0.5633802816901409,1,equal,equal_c1,1
1,1,1,0,0,1,72,72,1,1,0.5694444444444444,1,equal,equal_c1,1
0,0,1,1,0,0,73,73,1,0,0.5616438356164384,1,equal,equal_c1,1
1,0,0,1,1,0,74,74,0,1,0.5675675675675675,1,equal,equal_c1,1
1,0,1,1,0,1,75,75,1,1,0.5733333333333334,1,equal,equal_c1,1
0,0,1,1,1,0,76,76,1,0,0.5657894736842105,1,equal,equal_c1,1
1,1,0,1,1,0,77,77,0,1,0.5714285714285714,1,equal,equal_c1,1
1,1,1,1,1,1,78,78,0,0,0.5641025641025641,1,equal,equal_c1,1
1,0,1,1,0,1,79,79,0,0,0.5569620253164557,1,equal,equal_c1,1
0,1,0,0,1,0,80,80,1,0,0.55,1,equal,equal_c1,1
1,0,1,1,1,1,81,81,0,0,0.5432098765432098,1,equal,equal_c1,1
0,0,0,1,1,0,82,82,0,1,0.5487804878048781,1,equal,equal_c1,1
1,1,1,0,1,1,83,83,0,0,0.54216867469879515,1,equal,equal_c1,1
1,0,1,0,1,1,84,84,1,1,0.5476190476190477,1,equal,equal_c1,1
1,1,1,1,1,1,85,85,1,1,0.5529411764705883,1,equal,equal_c1,1
1,0,1,1,1,1,86,86,0,0,0.5465116279069767,1,equal,equal_c1,1
0,0,1,0,0,0,87,87,0,1,0.5517241379310345,1,equal,equal_c1,1
0,0,1,0,1,0,88,88,1,0,0.5454545454545454,1,equal,equal_c1,1
0,1,0,1,0,0,89,89,1,0,0.5393258426966292,1,equal,equal_c1,1
0,1,1,1,0,0,90,90,0,1,0.5444444444444444,1,equal,equal_c1,1
0,1,0,1,1,0,91,91,1,0,0.5384615384615384,1,equal,equal_c1,1
0,1,1,0,0,0,92,92,1,0,0.532608695652174,1,equal,equal_c1,1
0,0,0,1,0,0,93,93,0,1,0.5376344086021505,1,equal,equal_c1,1
1,1,0,1,0,0,94,94,1,0,0.5319148936170213,1,equal,equal_c1,1
1,1,1,1,1,1,95,95,0,0,0.5263157894736842,1,equal,equal_c1,1
1,1,0,1,1,0,96,96,0,1,0.53125,1,equal,equal_c1,1
0,0,1,1,0,0,1,1,0,1,1,1,equal,equal_c1,2
1,1,1,1,0,1,2,2,1,1,1,1,equal,equal_c1,2
0,0,1,0,0,0,3,3,0,1,1,1,equal,equal_c1,2
1,1,1,0,1,1,4,4,0,0,0.75,1,equal,equal_c1,2
1,1,1,1,1,1,5,5,1,1,0.8,1,equal,equal_c1,2
0,1,0,0,1,0,6,6,1,0,0.6666666666666666,1,equal,equal_c1,2
1,1,1,1,1,1,7,7,0,0,0.5714285714285714,1,equal,equal_c1,2
0,1,0,1,0,0,8,8,1,0,0.5,1,equal,equal_c1,2
0,0,1,0,1,0,9,9,1,0,0.4444444444444444,1,equal,equal_c1,2
0,0,1,1,1,0,10,10,0,1,0.5,1,equal,equal_c1,2
1,0,1,1,0,1,11,11,0,0,0.45454545454545453,1,equal,equal_c1,2
1,1,1,1,1,1,12,12,1,1,0.5,1,equal,equal_c1,2
1,0,1,0,1,1,13,13,0,0,0.46153846153846156,1,equal,equal_c1,2
0,0,1,1,1,0,14,14,0,1,0.5,1,equal,equal_c1,2
1,0,1,1,1,1,15,15,0,0,0.4666666666666667,1,equal,equal_c1,2
1,1,0,1,1,0,16,16,1,0,0.4375,1,equal,equal_c1,2
1,1,0,1,0,0,17,17,0,1,0.47058823529411764,1,equal,equal_c1,2
0,1,1,0,0,0,18,18,1,0,0.4444444444444444,1,equal,equal_c1,2
1,1,1,1,0,1,19,19,0,0,0.42105263157894735,1,equal,equal_c1,2
1,0,1,1,0,1,20,20,0,0,0.4,1,equal,equal_c1,2
0,0,0,1,1,0,21,21,0,1,0.42857142857142855,1,equal,equal_c1,2
1,1,0,1,1,0,22,22,0,1,0.45454545454545453,1,equal,equal_c1,2
1,0,0,1,1,0,23,23,1,0,0.43478260869565216,1,equal,equal_c1,2
1,0,1,0,1,1,24,24,0,0,0.4166666666666667,1,equal,equal_c1,2
0,1,0,1,1,0,25,25,0,1,0.44,1,equal,equal_c1,2
1,0,1,0,0,1,26,26,1,1,0.46153846153846156,1,equal,equal_c1,2
0,1,1,1,0,0,27,27,0,1,0.48148148148148145,1,equal,equal_c1,2
1,1,1,1,1,1,28,28,1,1,0.5,1,equal,equal_c1,2
1,0,1,1,1,1,29,29,0,0,0.4827586206896552,1,equal,equal_c1,2
1,1,1,0,0,1,30,30,1,1,0.5,1,equal,equal_c1,2
1,0,1,0,1,1,31,31,0,0,0.4838709677419355,1,equal,equal_c1,2
0,0,0,1,0,0,32,32,1,0,0.46875,1,equal,equal_c1,2
1,1,1,1,1,1,33,33,1,1,0.48484848484848486,1,equal,equal_c1,2
1,1,0,1,0,0,34,34,1,0,0.47058823529411764,1,equal,equal_c1,2
1,1,1,0,1,1,35,35,1,1,0.4857142857142857,1,equal,equal_c1,2
0,1,1,1,0,0,36,36,1,0,0.4722222222222222,1,equal,equal_c1,2
0,0,1,0,1,0,37,37,0,1,0.4864864864864865,1,equal,equal_c1,2
1,0,1,1,1,1,38,38,0,0,0.47368421052631576,1,equal,equal_c1,2
0,0,1,1,0,0,39,39,1,0,0.46153846153846156,1,equal,equal_c1,2
0,0,0,1,1,0,40,40,1,0,0.45,1,equal,equal_c1,2
1,0,1,1,0,1,41,41,0,0,0.43902439024390244,1,equal,equal_c1,2
1,0,1,0,0,1,42,42,0,0,0.42857142857142855,1,equal,equal_c1,2
1,1,1,1,1,1,43,43,1,1,0.4418604651162791,1,equal,equal_c1,2
1,0,1,0,1,1,44,44,0,0,0.4318181818181818,1,equal,equal_c1,2
0,1,0,1,0,0,45,45,0,1,0.4444444444444444,1,equal,equal_c1,2
0,1,0,1,1,0,46,46,0,1,0.45652173913043476,1,equal,equal_c1,2
1,1,1,0,0,1,47,47,0,0,0.44680851063829785,1,equal,equal_c1,2
1,1,0,1,1,0,48,48,0,1,0.4583333333333333,1,equal,equal_c1,2
0,0,1,1,1,0,49,49,1,0,0.4489795918367347,1,equal,equal_c1,2
1,1,1,1,1,1,50,50,1,1,0.46,1,equal,equal_c1,2
1,1,0,1,1,0,51,51,0,1,0.47058823529411764,1,equal,equal_c1,2
0,1,0,0,1,0,52,52,1,0,0.46153846153846156,1,equal,equal_c1,2
1,0,1,0,1,1,53,53,0,0,0.4528301886792453,1,equal,equal_c1,2
0,0,1,0,0,0,54,54,1,0,0.4444444444444444,1,equal,equal_c1,2
0,0,0,1,0,0,55,55,0,1,0.45454545454545453,1,equal,equal_c1,2
1,0,1,0,1,1,56,56,1,1,0.4642857142857143,1,equal,equal_c1,2
1,1,1,1,0,1,57,57,1,1,0.47368421052631576,1,equal,equal_c1,2
0,1,1,0,0,0,58,58,1,0,0.46551724137931033,1,equal,equal_c1,2
0,0,1,1,1,0,59,59,0,1,0.4745762711864407,1,equal,equal_c1,2
1,1,1,1,1,1,60,60,0,0,0.4666666666666667,1,equal,equal_c1,2
1,0,0,1,1,0,61,61,0,1,0.47540983606557374,1,equal,equal_c1,2
1,1,1,1,0,1,62,62,1,1,0.4838709677419355,1,equal,equal_c1,2
1,0,1,1,0,1,63,63,1,1,0.49206349206349204,1,equal,equal_c1,2
1,0,1,1,1,1,64,64,1,1,0.5,1,equal,equal_c1,2
0,0,1,1,1,0,65,65,0,1,0.5076923076923077,1,equal,equal_c1,2
0,1,1,0,0,0,66,66,0,1,0.5151515151515151,1,equal,equal_c1,2
1,1,1,0,0,1,67,67,0,0,0.5074626865671642,1,equal,equal_c1,2
1,1,1,1,0,1,68,68,1,1,0.5147058823529411,1,equal,equal_c1,2
1,0,1,1,0,1,69,69,0,0,0.5072463768115942,1,equal,equal_c1,2
0,1,0,1,0,0,70,70,1,0,0.5,1,equal,equal_c1,2
1,0,1,0,1,1,71,71,1,1,0.5070422535211268,1,equal,equal_c1,2
1,1,1,1,1,1,72,72,1,1,0.5138888888888888,1,equal,equal_c1,2
0,1,0,1,1,0,73,73,1,0,0.5068493150684932,1,equal,equal_c1,2
0,0,1,0,1,0,74,74,0,1,0.5135135135135135,1,equal,equal_c1,2
1,0,0,1,1,0,75,75,1,0,0.5066666666666667,1,equal,equal_c1,2
0,0,0,1,0,0,76,76,0,1,0.5131578947368421,1,equal,equal_c1,2
1,1,1,1,1,1,77,77,1,1,0.5194805194805194,1,equal,equal_c1,2
1,1,0,1,0,0,78,78,0,1,0.5256410256410257,1,equal,equal_c1,2
0,1,1,1,0,0,79,79,1,0,0.5189873417721519,1,equal,equal_c1,2
1,0,1,1,1,1,80,80,1,1,0.525,1,equal,equal_c1,2
1,0,1,1,0,1,81,81,0,0,0.5185185185185185,1,equal,equal_c1,2
0,0,1,0,0,0,82,82,0,1,0.524390243902439,1,equal,equal_c1,2
0,0,1,1,1,0,83,83,1,0,0.5180722891566265,1,equal,equal_c1,2
1,1,1,0,1,1,84,84,1,1,0.5238095238095238,1,equal,equal_c1,2
1,0,1,0,1,1,85,85,1,1,0.5294117647058824,1,equal,equal_c1,2
0,1,0,0,1,0,86,86,0,1,0.5348837209302325,1,equal,equal_c1,2
1,0,1,0,0,1,87,87,1,1,0.5402298850574713,1,equal,equal_c1,2
1,1,1,1,1,1,88,88,1,1,0.5454545454545454,1,equal,equal_c1,2
1,1,0,1,1,0,89,89,1,0,0.5393258426966292,1,equal,equal_c1,2
0,0,1,1,0,0,90,90,0,1,0.5444444444444444,1,equal,equal_c1,2
1,1,1,1,1,1,91,91,0,0,0.5384615384615384,1,equal,equal_c1,2
1,0,1,1,1,1,92,92,1,1,0.5434782608695652,1,equal,equal_c1,2
0,0,0,1,1,0,93,93,0,1,0.5483870967741935,1,equal,equal_c1,2
1,1,0,1,1,0,94,94,0,1,0.5531914893617021,1,equal,equal_c1,2
1,0,1,0,1,1,95,95,1,1,0.5578947368421052,1,equal,equal_c1,2
1,1,1,1,0,1,96,96,1,1,0.5625,1,equal,equal_c1,2
0,0,0,1,0,0,1,1,0,1,1,1,equal,equal_c1,3
1,1,1,0,0,1,2,2,1,1,1,1,equal,equal_c1,3
0,0,1,1,1,0,3,3,1,0,0.6666666666666666,1,equal,equal_c1,3
0,1,0,1,0,0,4,4,1,0,0.5,1,equal,equal_c1,3
0,1,1,0,0,0,5,5,0,1,0.6,1,equal,equal_c1,3
1,0,1,1,1,1,6,6,0,0,0.5,1,equal,equal_c1,3
0,1,0,0,1,0,7,7,0,1,0.5714285714285714,1,equal,equal_c1,3
1,1,1,1,1,1,8,8,1,1,0.625,1,equal,equal_c1,3
1,0,1,1,0,1,9,9,0,0,0.5555555555555556,1,equal,equal_c1,3
1,1,1,1,1,1,10,10,1,1,0.6,1,equal,equal_c1,3
0,1,1,1,0,0,11,11,0,1,0.6363636363636364,1,equal,equal_c1,3
1,1,1,1,0,1,12,12,0,0,0.5833333333333334,1,equal,equal_c1,3
1,0,1,0,1,1,13,13,0,0,0.5384615384615384,1,equal,equal_c1,3
0,0,0,1,1,0,14,14,0,1,0.5714285714285714,1,equal,equal_c1,3
0,0,1,0,0,0,15,15,0,1,0.6,1,equal,equal_c1,3
1,1,1,0,1,1,16,16,0,0,0.5625,1,equal,equal_c1,3
1,0,1,1,0,1,17,17,0,0,0.5294117647058824,1,equal,equal_c1,3
1,0,1,0,1,1,18,18,0,0,0.5,1,equal,equal_c1,3
1,0,1,0,1,1,19,19,1,1,0.5263157894736842,1,equal,equal_c1,3
1,1,1,1,1,1,20,20,1,1,0.55,1,equal,equal_c1,3
1,1,1,1,1,1,21,21,1,1,0.5714285714285714,1,equal,equal_c1,3
1,1,0,1,1,0,22,22,1,0,0.5454545454545454,1,equal,equal_c1,3
1,0,1,0,0,1,23,23,1,1,0.5652173913043478,1,equal,equal_c1,3
1,1,0,1,1,0,24,24,0,1,0.5833333333333334,1,equal,equal_c1,3
0,1,0,1,1,0,25,25,0,1,0.6,1,equal,equal_c1,3
0,0,1,1,1,0,26,26,0,1,0.6153846153846154,1,equal,equal_c1,3
1,0,0,1,1,0,27,27,1,0,0.5925925925925926,1,equal,equal_c1,3
1,0,1,1,1,1,28,28,1,1,0.6071428571428571,1,equal,equal_c1,3
0,0,1,1,0,0,29,29,0,1,0.6206896551724138,1,equal,equal_c1,3
0,0,1,0,1,0,30,30,1,0,0.6,1,equal,equal_c1,3
1,1,0,1,0,0,31,31,1,0,0.5806451612903226,1,equal,equal_c1,3
1,1,1,1,0,1,32,32,1,1,0.59375,1,equal,equal_c1,3
0,1,0,1,0,0,33,33,0,1,0.6060606060606061,1,equal,equal_c1,3
1,0,0,1,1,0,34,34,0,1,0.6176470588235294,1,equal,equal_c1,3
0,0,0,1,1,0,35,35,0,1,0.6285714285714286,1,equal,equal_c1,3
1,1,1,1,1,1,36,36,0,0,0.6111111111111112,1,equal,equal_c1,3
1,0,1,1,0,1,37,37,0,0,0.5945945945945946,1,equal,equal_c1,3
1,1,1,1,1,1,38,38,1,1,0.6052631578947368,1,equal,equal_c1,3
1,1,0,1,1,0,39,39,1,0,0.5897435897435898,1,equal,equal_c1,3
1,1,1,0,0,1,40,40,0,0,0.575,1,equal,equal_c1,3
1,1,0,1,0,0,41,41,1,0,0.5609756097560976,1,equal,equal_c1,3
1,0,1,0,0,1,42,42,0,0,0.5476190476190477,1,equal,equal_c1,3
0,1,1,0,0,0,43,43,1,0,0.5348837209302325,1,equal,equal_c1,3
0,0,1,1,1,0,44,44,0,1,0.5454545454545454,1,equal,equal_c1,3
0,0,1,1,1,0,45,45,0,1,0.5555555555555556,1,equal,equal_c1,3
1,1,1,1,0,1,46,46,1,1,0.5652173913043478,1,equal,equal_c1,3
1,0,1,0,1,1,47,47,1,1,0.574468085106383,1,equal,equal_c1,3
1,1,1,0,1,1,48,48,0,0,0.5625,1,equal,equal_c1,3
1,0,1,0,1,1,49,49,0,0,0.5510204081632653,1,equal,equal_c1,3
1,0,1,0,1,1,50,50,1,1,0.56,1,equal,equal_c1,3
1,1,1,1,1,1,51,51,0,0,0.5490196078431373,1,equal,equal_c1,3
0,0,1,1,0,0,52,52,0,1,0.5576923076923077,1,equal,equal_c1,3
0,1,0,0,1,0,53,53,0,1,0.5660377358490566,1,equal,equal_c1,3
1,1,1,1,0,1,54,54,0,0,0.5555555555555556,1,equal,equal_c1,3
1,0,1,1,0,1,55,55,0,0,0.5454545454545454,1,equal,equal_c1,3
1,0,1,1,1,1,56,56,1,1,0.5535714285714286,1,equal,equal_c1,3
1,1,1,1,1,1,57,57,0,0,0.543859649122807,1,equal,equal_c1,3
1,0,1,1,1,1,58,58,1,1,0.5517241379310345,1,equal,equal_c1,3
1,1,0,1,1,0,59,59,0,1,0.559322033898305,1,equal,equal_c1,3
0,0,1,0,0,0,60,60,0,1,0.5666666666666667,1,equal,equal_c1,3
0,0,0,1,0,0,61,61,0,1,0.5737704918032787,1,equal,equal_c1,3
0,1,0,1,1,0,62,62,1,0,0.5645161290322581,1,equal,equal_c1,3
0,0,1,0,1,0,63,63,1,0,0.5555555555555556,1,equal,equal_c1,3
0,1,1,1,0,0,64,64,1,0,0.546875,1,equal,equal_c1,3
1,0,1,1,1,1,65,65,0,0,0.5384615384615384,1,equal,equal_c1,3
1,1,0,1,1,0,66,66,1,0,0.5303030303030303,1,equal,equal_c1,3
1,1,0,1,1,0,67,67,0,1,0.5373134328358209,1,equal,equal_c1,3
1,1,1,0,0,1,68,68,1,1,0.5441176470588235,1,equal,equal_c1,3
1,1,1,0,1,1,69,69,0,0,0.5362318840579711,1,equal,equal_c1,3
0,0,1,1,1,0,70,70,0,1,0.5428571428571428,1,equal,equal_c1,3
1,0,1,0,0,1,71,71,0,0,0.5352112676056338,1,equal,equal_c1,3
0,0,0,1,0,0,72,72,1,0,0.5277777777777778,1,equal,equal_c1,3
0,0,1,1,0,0,73,73,1,0,0.5205479452054794,1,equal,equal_c1,3
1,0,1,0,1,1,74,74,0,0,0.5135135135135135,1,equal,equal_c1,3
1,0,1,1,1,1,75,75,1,1,0.52,1,equal,equal_c1,3
1,1,1,1,1,1,76,76,1,1,0.5263157894736842,1,equal,equal_c1,3
0,0,1,0,1,0,77,77,1,0,0.5194805194805194,1,equal,equal_c1,3
1,0,0,1,1,0,78,78,1,0,0.5128205128205128,1,equal,equal_c1,3
1,0,1,0,1,1,79,79,1,1,0.5189873417721519,1,equal,equal_c1,3
0,1,0,1,1,0,80,80,0,1,0.525,1,equal,equal_c1,3
0,0,1,1,1,0,81,81,1,0,0.5185185185185185,1,equal,equal_c1,3
1,0,1,1,0,1,82,82,1,1,0.524390243902439,1,equal,equal_c1,3
1,1,1,1,1,1,83,83,1,1,0.5301204819277109,1,equal,equal_c1,3
1,0,1,0,1,1,84,84,0,0,0.5238095238095238,1,equal,equal_c1,3
0,0,1,0,0,0,85,85,1,0,0.5176470588235295,1,equal,equal_c1,3
1,1,1,1,0,1,86,86,0,0,0.5116279069767442,1,equal,equal_c1,3
0,1,1,1,0,0,87,87,0,1,0.5172413793103449,1,equal,equal_c1,3
0,1,1,0,0,0,88,88,1,0,0.5113636363636364,1,equal,equal_c1,3
1,0,1,1,0,1,89,89,1,1,0.5168539325842697,1,equal,equal_c1,3
1,1,1,1,0,1,90,90,0,0,0.5111111111111111,1,equal,equal_c1,3
1,1,1,1,1,1,91,91,1,1,0.5164835164835165,1,equal,equal_c1,3
1,1,1,1,1,1,92,92,1,1,0.5217391304347826,1,equal,equal_c1,3
0,0,0,1,1,0,93,93,0,1,0.5268817204301075,1,equal,equal_c1,3
1,1,0,1,0,0,94,94,1,0,0.5212765957446809,1,equal,equal_c1,3
0,1,0,1,0,0,95,95,0,1,0.5263157894736842,1,equal,equal_c1,3
0,1,0,0,1,0,96,96,0,1,0.53125,1,equal,equal_c1,3
0,1,0,1,1,0,1,1,0,1,1,1,equal,equal_c1,4
0,1,0,1,0,0,2,2,1,0,0.5,1,equal,equal_c1,4
0,0,1,1,1,0,3,3,1,0,0.3333333333333333,1,equal,equal_c1,4
0,0,0,1,0,0,4,4,0,1,0.5,1,equal,equal_c1,4
0,0,1,1,1,0,5,5,0,1,0.6,1,equal,equal_c1,4
1,1,0,1,1,0,6,6,1,0,0.5,1,equal,equal_c1,4
1,1,0,1,0,0,7,7,1,0,0.42857142857142855,1,equal,equal_c1,4
1,0,1,1,0,1,8,8,1,1,0.5,1,equal,equal_c1,4
1,1,1,0,0,1,9,9,1,1,0.5555555555555556,1,equal,equal_c1,4
1,1,1,1,0,1,10,10,1,1,0.6,1,equal,equal_c1,4
1,0,1,1,1,1,11,11,0,0,0.5454545454545454,1,equal,equal_c1,4
1,0,1,0,0,1,12,12,0,0,0.5,1,equal,equal_c1,4
0,0,1,0,0,0,13,13,0,1,0.5384615384615384,1,equal,equal_c1,4
0,0,0,1,1,0,14,14,0,1,0.5714285714285714,1,equal,equal_c1,4
1,1,1,1,1,1,15,15,0,0,0.5333333333333333,1,equal,equal_c1,4
0,0,1,1,0,0,16,16,1,0,0.5,1,equal,equal_c1,4
0,1,1,0,0,0,17,17,1,0,0.47058823529411764,1,equal,equal_c1,4
1,0,0,1,1,0,18,18,1,0,0.4444444444444444,1,equal,equal_c1,4
1,0,1,1,0,1,19,19,0,0,0.42105263157894735,1,equal,equal_c1,4
1,0,1,0,1,1,20,20,1,1,0.45,1,equal,equal_c1,4
1,0,1,0,1,1,21,21,0,0,0.42857142857142855,1,equal,equal_c1,4
1,1,1,1,1,1,22,22,1,1,0.45454545454545453,1,equal,equal_c1,4
0,0,1,0,1,0,23,23,1,0,0.43478260869565216,1,equal,equal_c1,4
1,1,0,1,1,0,24,24,0,1,0.4583333333333333,1,equal,equal_c1,4
1,1,1,1,1,1,25,25,1,1,0.48,1,equal,equal_c1,4
1,0,1,0,1,1,26,26,1,1,0.5,1,equal,equal_c1,4
1,1,1,0,1,1,27,27,0,0,0.48148148148148145,1,equal,equal_c1,4
1,0,1,1,1,1,28,28,0,0,0.4642857142857143,1,equal,equal_c1,4
1,1,1,1,0,1,29,29,1,1,0.4827586206896552,1,equal,equal_c1,4
0,1,1,1,0,0,30,30,0,1,0.5,1,equal,equal_c1,4
0,1,0,0,1,0,31,31,1,0,0.4838709677419355,1,equal,equal_c1,4
1,1,1,1,1,1,32,32,0,0,0.46875,1,equal,equal_c1,4
1,0,1,0,1,1,33,33,0,0,0.45454545454545453,1,equal,equal_c1,4
1,0,1,1,1,1,34,34,0,0,0.4411764705882353,1,equal,equal_c1,4
1,1,1,1,1,1,35,35,0,0,0.42857142857142855,1,equal,equal_c1,4
0,0,0,1,0,0,36,36,0,1,0.4444444444444444,1,equal,equal_c1,4
1,1,1,1,0,1,37,37,1,1,0.4594594594594595,1,equal,equal_c1,4
1,1,1,1,1,1,38,38,0,0,0.4473684210526316,1,equal,equal_c1,4
0,0,1,1,1,0,39,39,1,0,0.4358974358974359,1,equal,equal_c1,4
1,1,1,1,0,1,40,40,1,1,0.45,1,equal,equal_c1,4
1,1,0,1,1,0,41,41,0,1,0.4634146341463415,1,equal,equal_c1,4
1,1,1,0,1,1,42,42,1,1,0.47619047619047616,1,equal,equal_c1,4
1,1,1,1,1,1,43,43,1,1,0.4883720930232558,1,equal,equal_c1,4
1,1,0,1,0,0,44,44,1,0,0.4772727272727273,1,equal,equal_c1,4
0,1,0,1,0,0,45,45,1,0,0.4666666666666667,1,equal,equal_c1,4
0,1,1,0,0,0,46,46,1,0,0.45652173913043476,1,equal,equal_c1,4
0,0,1,0,0,0,47,47,0,1,0.46808510638297873,1,equal,equal_c1,4
1,1,0,1,1,0,48,48,1,0,0.4583333333333333,1,equal,equal_c1,4
1,0,1,0,1,1,49,49,1,1,0.46938775510204084,1,equal,equal_c1,4
0,0,0,1,1,0,50,50,0,1,0.48,1,equal,equal_c1,4
1,0,1,0,0,1,51,51,1,1,0.49019607843137253,1,equal,equal_c1,4
1,0,1,1,1,1,52,52,1,1,0.5,1,equal,equal_c1,4
1,0,0,1,1,0,53,53,1,0,0.49056603773584906,1,equal,equal_c1,4
1,1,1,0,0,1,54,54,0,0,0.48148148148148145,1,equal,equal_c1,4
0,1,0,0,1,0,55,55,1,0,0.4727272727272727,1,equal,equal_c1,4
1,1,1,1,1,1,56,56,1,1,0.48214285714285715,1,equal,equal_c1,4
0,0,1,1,0,0,57,57,0,1,0.49122807017543857,1,equal,equal_c1,4
1,0,1,1,0,1,58,58,1,1,0.5,1,equal,equal_c1,4
0,1,1,1,0,0,59,59,0,1,0.5084745762711864,1,equal,equal_c1,4
0,0,1,0,1,0,60,60,0,1,0.5166666666666667,1,equal,equal_c1,4
0,1,0,1,1,0,61,61,0,1,0.5245901639344263,1,equal,equal_c1,4
0,0,1,1,1,0,62,62,1,0,0.5161290322580645,1,equal,equal_c1,4
1,0,1,1,0,1,63,63,0,0,0.5079365079365079,1,equal,equal_c1,4
1,0,1,0,1,1,64,64,1,1,0.515625,1,equal,equal_c1,4
1,1,0,1,0,0,65,65,0,1,0.5230769230769231,1,equal,equal_c1,4
1,0,1,0,1,1,66,66,0,0,0.5151515151515151,1,equal,equal_c1,4
0,1,1,1,0,0,67,67,0,1,0.5223880597014925,1,equal,equal_c1,4
1,0,1,1,1,1,68,68,1,1,0.5294117647058824,1,equal,equal_c1,4
0,0,0,1,1,0,69,69,0,1,0.5362318840579711,1,equal,equal_c1,4
0,0,1,1,1,0,70,70,1,0,0.5285714285714286,1,equal,equal_c1,4
1,1,1,1,0,1,71,71,0,0,0.5211267605633803,1,equal,equal_c1,4
0,0,1,0,0,0,72,72,1,0,0.5138888888888888,1,equal,equal_c1,4
1,1,1,0,0,1,73,73,1,1,0.5205479452054794,1,equal,equal_c1,4
1,0,0,1,1,0,74,74,0,1,0.527027027027027,1,equal,equal_c1,4
1,0,1,1,0,1,75,75,0,0,0.52,1,equal,equal_c1,4
1,0,1,0,1,1,76,76,1,1,0.5263157894736842,1,equal,equal_c1,4
0,0,0,1,0,0,77,77,0,1,0.5324675324675324,1,equal,equal_c1,4
1,0,1,1,1,1,78,78,0,0,0.5256410256410257,1,equal,equal_c1,4
1,1,1,1,0,1,79,79,1,1,0.5316455696202531,1,equal,equal_c1,4
1,0,1,1,0,1,80,80,1,1,0.5375,1,equal,equal_c1,4
1,1,1,0,1,1,81,81,0,0,0.5308641975308642,1,equal,equal_c1,4
1,0,1,0,0,1,82,82,1,1,0.5365853658536586,1,equal,equal_c1,4
0,1,1,0,0,0,83,83,1,0,0.5301204819277109,1,equal,equal_c1,4
1,1,0,1,1,0,84,84,0,1,0.5357142857142857,1,equal,equal_c1,4
0,1,0,0,1,0,85,85,0,1,0.5411764705882353,1,equal,equal_c1,4
0,0,1,0,1,0,86,86,0,1,0.5465116279069767,1,equal,equal_c1,4
0,1,0,1,1,0,87,87,0,1,0.5517241379310345,1,equal,equal_c1,4
1,1,1,1,1,1,88,88,0,0,0.5454545454545454,1,equal,equal_c1,4
0,0,1,1,1,0,89,89,1,0,0.5393258426966292,1,equal,equal_c1,4
1,1,0,1,1,0,90,90,0,1,0.5444444444444444,1,equal,equal_c1,4
0,1,0,1,0,0,91,91,0,1,0.5494505494505495,1,equal,equal_c1,4
1,1,1,1,1,1,92,92,1,1,0.5543478260869565,1,equal,equal_c1,4
1,0,1,0,1,1,93,93,0,0,0.5483870967741935,1,equal,equal_c1,4
1,1,1,1,1,1,94,94,0,0,0.5425531914893617,1,equal,equal_c1,4
1,1,1,1,1,1,95,95,1,1,0.5473684210526316,1,equal,equal_c1,4
0,0,1,1,0,0,96,96,1,0,0.5416666666666666,1,equal,equal_c1,4
1,0,1,0,0,1,1,1,1,1,1,1,equal,equal_c1,5
1,0,1,0,1,1,2,2,1,1,1,1,equal,equal_c1,5
1,0,1,1,0,1,3,3,1,1,1,1,equal,equal_c1,5
1,0,1,1,1,1,4,4,1,1,1,1,equal,equal_c1,5
0,1,0,0,1,0,5,5,0,1,1,1,equal,equal_c1,5
1,1,0,1,0,0,6,6,0,1,1,1,equal,equal_c1,5
1,1,0,1,1,0,7,7,1,0,0.8571428571428571,1,equal,equal_c1,5
0,0,1,1,0,0,8,8,0,1,0.875,1,equal,equal_c1,5
1,0,1,1,1,1,9,9,1,1,0.8888888888888888,1,equal,equal_c1,5
0,0,0,1,1,0,10,10,1,0,0.8,1,equal,equal_c1,5
1,0,1,0,1,1,11,11,1,1,0.8181818181818182,1,equal,equal_c1,5
1,1,1,1,1,1,12,12,1,1,0.8333333333333334,1,equal,equal_c1,5
1,1,0,1,1,0,13,13,1,0,0.7692307692307693,1,equal,equal_c1,5
1,1,1,1,1,1,14,14,1,1,0.7857142857142857,1,equal,equal_c1,5
1,0,0,1,1,0,15,15,0,1,0.8,1,equal,equal_c1,5
1,1,1,1,1,1,16,16,0,0,0.75,1,equal,equal_c1,5
1,0,1,1,0,1,17,17,1,1,0.7647058823529411,1,equal,equal_c1,5
1,1,1,0,1,1,18,18,0,0,0.7222222222222222,1,equal,equal_c1,5
1,1,1,1,1,1,19,19,0,0,0.6842105263157895,1,equal,equal_c1,5
0,1,0,1,1,0,20,20,0,1,0.7,1,equal,equal_c1,5
0,0,0,1,0,0,21,21,0,1,0.7142857142857143,1,equal,equal_c1,5
0,1,0,1,0,0,22,22,1,0,0.6818181818181818,1,equal,equal_c1,5
0,1,1,1,0,0,23,23,1,0,0.6521739130434783,1,equal,equal_c1,5
0,1,1,0,0,0,24,24,0,1,0.6666666666666666,1,equal,equal_c1,5
1,1,1,1,0,1,25,25,1,1,0.68,1,equal,equal_c1,5
0,0,1,1,1,0,26,26,1,0,0.6538461538461539,1,equal,equal_c1,5
1,0,1,0,1,1,27,27,0,0,0.6296296296296297,1,equal,equal_c1,5
1,1,1,0,0,1,28,28,1,1,0.6428571428571429,1,equal,equal_c1,5
0,0,1,0,0,0,29,29,0,1,0.6551724137931034,1,equal,equal_c1,5
0,0,1,0,1,0,30,30,1,0,0.6333333333333333,1,equal,equal_c1,5
0,0,1,1,1,0,31,31,0,1,0.6451612903225806,1,equal,equal_c1,5
1,1,1,1,0,1,32,32,1,1,0.65625,1,equal,equal_c1,5
1,0,0,1,1,0,33,33,1,0,0.6363636363636364,1,equal,equal_c1,5
0,1,0,0,1,0,34,34,1,0,0.6176470588235294,1,equal,equal_c1,5
1,1,1,0,1,1,35,35,1,1,0.6285714285714286,1,equal,equal_c1,5
0,1,1,0,0,0,36,36,0,1,0.6388888888888888,1,equal,equal_c1,5
1,1,1,1,1,1,37,37,0,0,0.6216216216216216,1,equal,equal_c1,5
1,0,1,1,1,1,38,38,1,1,0.631578947368421,1,equal,equal_c1,5
0,0,1,0,0,0,39,39,1,0,0.6153846153846154,1,equal,equal_c1,5
0,0,1,1,1,0,40,40,0,1,0.625,1,equal,equal_c1,5
1,0,1,0,1,1,41,41,0,0,0.6097560975609756,1,equal,equal_c1,5
1,0,1,1,0,1,42,42,1,1,0.6190476190476191,1,equal,equal_c1,5
1,1,1,1,0,1,43,43,1,1,0.627906976744186,1,equal,equal_c1,5
0,0,1,0,1,0,44,44,0,1,0.6363636363636364,1,equal,equal_c1,5
0,1,0,1,1,0,45,45,0,1,0.6444444444444445,1,equal,equal_c1,5
1,1,0,1,0,0,46,46,0,1,0.6521739130434783,1,equal,equal_c1,5
1,0,1,0,0,1,47,47,0,0,0.6382978723404256,1,equal,equal_c1,5
1,1,1,1,1,1,48,48,0,0,0.625,1,equal,equal_c1,5
0,0,0,1,1,0,49,49,0,1,0.6326530612244898,1,equal,equal_c1,5
1,1,1,1,1,1,50,50,0,0,0.62,1,equal,equal_c1,5
1,0,1,1,1,1,51,51,1,1,0.6274509803921569,1,equal,equal_c1,5
1,0,1,0,1,1,52,52,1,1,0.6346153846153846,1,equal,equal_c1,5
0,1,0,1,0,0,53,53,1,0,0.6226415094339622,1,equal,equal_c1,5
1,1,1,0,0,1,54,54,0,0,0.6111111111111112,1,equal,equal_c1,5
1,0,1,1,0,1,55,55,1,1,0.6181818181818182,1,equal,equal_c1,5
1,1,1,1,1,1,56,56,1,1,0.625,1,equal,equal_c1,5
1,1,1,1,0,1,57,57,0,0,0.6140350877192983,1,equal,equal_c1,5
0,0,1,1,0,0,58,58,1,0,0.603448275862069,1,equal,equal_c1,5
0,0,1,1,1,0,59,59,0,1,0.6101694915254238,1,equal,equal_c1,5
0,1,1,1,0,0,60,60,1,0,0.6,1,equal,equal_c1,5
0,0,0,1,0,0,61,61,1,0,0.5901639344262295,1,equal,equal_c1,5
1,1,0,1,1,0,62,62,1,0,0.5806451612903226,1,equal,equal_c1,5
1,1,0,1,1,0,63,63,1,0,0.5714285714285714,1,equal,equal_c1,5
1,0,1,0,1,1,64,64,1,1,0.578125,1,equal,equal_c1,5
1,0,1,0,1,1,65,65,0,0,0.5692307692307692,1,equal,equal_c1,5
0,0,1,0,0,0,66,66,1,0,0.5606060606060606,1,equal,equal_c1,5
1,1,0,1,1,0,67,67,1,0,0.5522388059701493,1,equal,equal_c1,5
0,0,1,1,1,0,68,68,1,0,0.5441176470588235,1,equal,equal_c1,5
1,1,0,1,1,0,69,69,1,0,0.5362318840579711,1,equal,equal_c1,5
1,0,1,1,0,1,70,70,0,0,0.5285714285714286,1,equal,equal_c1,5
1,1,1,1,1,1,71,71,0,0,0.5211267605633803,1,equal,equal_c1,5
0,0,0,1,0,0,72,72,0,1,0.5277777777777778,1,equal,equal_c1,5
1,1,1,0,1,1,73,73,1,1,0.5342465753424658,1,equal,equal_c1,5
1,0,1,1,1,1,74,74,0,0,0.527027027027027,1,equal,equal_c1,5
1,0,1,0,1,1,75,75,1,1,0.5333333333333333,1,equal,equal_c1,5
0,1,0,0,1,0,76,76,0,1,0.5394736842105263,1,equal,equal_c1,5
0,1,0,1,1,0,77,77,1,0,0.5324675324675324,1,equal,equal_c1,5
1,1,1,1,1,1,78,78,0,0,0.5256410256410257,1,equal,equal_c1,5
1,0,0,1,1,0,79,79,0,1,0.5316455696202531,1,equal,equal_c1,5
1,0,1,0,0,1,80,80,1,1,0.5375,1,equal,equal_c1,5
1,0,1,0,1,1,81,81,1,1,0.5432098765432098,1,equal,equal_c1,5
1,1,1,1,0,1,82,82,1,1,0.5487804878048781,1,equal,equal_c1,5
1,1,0,1,0,0,83,83,0,1,0.5542168674698795,1,equal,equal_c1,5
1,1,1,1,0,1,84,84,0,0,0.5476190476190477,1,equal,equal_c1,5
1,0,1,1,0,1,85,85,0,0,0.5411764705882353,1,equal,equal_c1,5
0,0,1,0,1,0,86,86,0,1,0.5465116279069767,1,equal,equal_c1,5
0,1,1,0,0,0,87,87,0,1,0.5517241379310345,1,equal,equal_c1,5
1,1,1,0,0,1,88,88,1,1,0.5568181818181818,1,equal,equal_c1,5
1,1,1,1,1,1,89,89,0,0,0.550561797752809,1,equal,equal_c1,5
1,1,1,1,1,1,90,90,0,0,0.5444444444444444,1,equal,equal_c1,5
1,0,1,1,1,1,91,91,0,0,0.5384615384615384,1,equal,equal_c1,5
0,0,1,1,0,0,92,92,0,1,0.5434782608695652,1,equal,equal_c1,5
0,0,1,1,1,0,93,93,0,1,0.5483870967741935,1,equal,equal_c1,5
0,0,0,1,1,0,94,94,0,1,0.5531914893617021,1,equal,equal_c1,5
0,1,1,1,0,0,95,95,0,1,0.5578947368421052,1,equal,equal_c1,5
0,1,0,1,0,0,96,96,0,1,0.5625,1,equal,equal_c1,5
